key,key:customer,fullName,email,passportNumber,dateOfBirth,draftMode,specialNeeds
#base-example
passenger-01,customer-01,"Lorem ipsum dolor sit amet, consect etur adipiscing elit. Sed do: eiusmod tempor incididunt ut labore et dolore magna aliqua! Ut*",acme@lorem-ipsum.org,FKJZAG0XM,2012/07/02 00:00,true,"Lorem ipsum dolor sit ame"
#fullname-examples
passenger-02,customer-01,"Lorem ipsum dolor sit amet, consect etur adipiscing elit. Sed do: eiusmod tempor incididunt ut labore et dolore magna aliqua! Ut*",acme@lorem-ipsum.org,FKJZAG0XM,2012/07/02 00:00,true,"Lorem ipsum dolor sit ame"
passenger-03,customer-01,"L",acme@lorem-ipsum.org,FKJZAG0XM,2012/07/02 00:00,true,"Lorem ipsum dolor sit ame"
passenger-04,customer-01,"Lo",acme@lorem-ipsum.org,FKJZAG0XM,2012/07/02 00:00,true,"Lorem ipsum dolor sit ame"
passenger-05,customer-01,"Lorem ipsum dolor sit amet, consectetur adipiscing elit. Sed do: eiusmod tempor incididunt ut labore et dolore magna aliqua! Ut enim ad minim veniam? Quis nostrud exercitation ullamco laboris nisi ut aliquip ex ea commodo consequat. Duis aute irure dolor",acme@lorem-ipsum.org,FKJZAG0XM,2012/07/02 00:00,true,"Lorem ipsum dolor sit ame"
passenger-06,customer-01,"Lorem ipsum dolor sit amet, consectetur adipiscing elit. Sed do: eiusmod tempor incididunt ut labore et dolore magna aliqua! Ut enim ad minim veniam? Quis nostrud exercitation ullamco laboris nisi ut aliquip ex ea commodo consequat. Duis aute irure dolor*",acme@lorem-ipsum.org,FKJZAG0XM,2012/07/02 00:00,true,"Lorem ipsum dolor sit ame"
passenger-07,customer-02,"โลเร็ม อิปซัม",acme@lorem-ipsum.org,FKJZAG0XM,2012/07/02 00:00,true,"Lorem ipsum dolor sit ame"
passenger-08,customer-02,"لوريم إيبسوم",acme@lorem-ipsum.org,FKJZAG0XM,2012/07/02 00:00,true,"Lorem ipsum dolor sit ame"
passenger-09,customer-02,"洛伦·伊普森",acme@lorem-ipsum.org,FKJZAG0XM,2012/07/02 00:00,true,"Lorem ipsum dolor sit ame"
passenger-10,customer-02,"<marquee>Hacked</marquee>",acme@lorem-ipsum.org,FKJZAG0XM,2012/07/02 00:00,true,"Lorem ipsum dolor sit ame"
passenger-11,customer-02,"<script>alert(‘Hacked!’);</script>",acme@lorem-ipsum.org,FKJZAG0XM,2012/07/02 00:00,true,"Lorem ipsum dolor sit ame"
passenger-12,customer-01,"' or 'A' = 'A ",acme@lorem-ipsum.org,FKJZAG0XM,2012/07/02 00:00,true,"Lorem ipsum dolor sit ame"
#email-examples
passenger-13,customer-01,"Lorem ipsum dolor sit amet, consect etur adipiscing elit. Sed do: eiusmod tempor incididunt ut labore et dolore magna aliqua! Ut*",acme@lorem-ipsum.org,FKJZAG0XM,2012/07/02 00:00,true,"Lorem ipsum dolor sit ame"
passenger-14,customer-01,"Lorem ipsum dolor sit amet, consect etur adipiscing elit. Sed do: eiusmod tempor incididunt ut labore et dolore magna aliqua! Ut*",acme2@lorem-ipsum.org,FKJZAG0XM,2012/07/02 00:00,true,"Lorem ipsum dolor sit ame"
passenger-15,customer-01,"Lorem ipsum dolor sit amet, consect etur adipiscing elit. Sed do: eiusmod tempor incididunt ut labore et dolore magna aliqua! Ut*",a@b.e,FKJZAG0XM,2012/07/02 00:00,true,"Lorem ipsum dolor sit ame"
passenger-16,customer-01,"Lorem ipsum dolor sit amet, consect etur adipiscing elit. Sed do: eiusmod tempor incididunt ut labore et dolore magna aliqua! Ut*",a@b.es,FKJZAG0XM,2012/07/02 00:00,true,"Lorem ipsum dolor sit ame"
passenger-17,customer-01,"Lorem ipsum dolor sit amet, consect etur adipiscing elit. Sed do: eiusmod tempor incididunt ut labore et dolore magna aliqua! Ut*",a@b.esx,FKJZAG0XM,2012/07/02 00:00,true,"Lorem ipsum dolor sit ame"
passenger-18,customer-01,"Lorem ipsum dolor sit amet, consect etur adipiscing elit. Sed do: eiusmod tempor incididunt ut labore et dolore magna aliqua! Ut*",lorem-ipsum@dolor.sit.amet.consectetur.adipiscing.elit.sed.do.eiusmod.tempor.incididunt.ut.labore.et.dolore.magna.aliqua.Ut.enim.ad.minim.veniam.quis.nostrud.exercitation.ullamco.laboris.nisi.ut.aliquip.ex.ea.commodo.consequat.duis.aute.irure.doloris.edu,FKJZAG0XM,2012/07/02 00:00,true,"Lorem ipsum dolor sit ame"
passenger-19,customer-01,"Lorem ipsum dolor sit amet, consect etur adipiscing elit. Sed do: eiusmod tempor incididunt ut labore et dolore magna aliqua! Ut*",lorem-ipsum@dolor.sit.amet.consectetur.adipiscing.elit.sed.do.eiusmod.tempor.incididunt.ut.labore.et.dolore.magna.aliqua.Ut.enim.ad.minim.veniam.quis.nostrud.exercitation.ullamco.laboris.nisi.ut.aliquip.ex.ea.commodo.consequat.duis.aute.irure.dolor.es.org,FKJZAG0XM,2012/07/02 00:00,true,"Lorem ipsum dolor sit ame"
#passport-examples
passenger-20,customer-01,"Lorem ipsum dolor sit amet, consect etur adipiscing elit. Sed do: eiusmod tempor incididunt ut labore et dolore magna aliqua! Ut*",acme@lorem-ipsum.org,UZ4O4DBS,2012/07/02 00:00,true,"Lorem ipsum dolor sit ame"
passenger-21,customer-01,"Lorem ipsum dolor sit amet, consect etur adipiscing elit. Sed do: eiusmod tempor incididunt ut labore et dolore magna aliqua! Ut*",acme@lorem-ipsum.org,STAPJO0J,2012/07/02 00:00,true,"Lorem ipsum dolor sit ame"
passenger-22,customer-01,"Lorem ipsum dolor sit amet, consect etur adipiscing elit. Sed do: eiusmod tempor incididunt ut labore et dolore magna aliqua! Ut*",acme@lorem-ipsum.org,DXQ4JRH,2012/07/02 00:00,true,"Lorem ipsum dolor sit ame"
passenger-23,customer-01,"Lorem ipsum dolor sit amet, consect etur adipiscing elit. Sed do: eiusmod tempor incididunt ut labore et dolore magna aliqua! Ut*",acme@lorem-ipsum.org,35E6I6M,2012/07/02 00:00,true,"Lorem ipsum dolor sit ame"
passenger-24,customer-01,"Lorem ipsum dolor sit amet, consect etur adipiscing elit. Sed do: eiusmod tempor incididunt ut labore et dolore magna aliqua! Ut*",acme@lorem-ipsum.org,MH1DZQU,2012/07/02 00:00,true,"Lorem ipsum dolor sit ame"
passenger-25,customer-01,"Lorem ipsum dolor sit amet, consect etur adipiscing elit. Sed do: eiusmod tempor incididunt ut labore et dolore magna aliqua! Ut*",acme@lorem-ipsum.org,P2V9J89,2012/07/02 00:00,true,"Lorem ipsum dolor sit ame"
passenger-26,customer-01,"Lorem ipsum dolor sit amet, consect etur adipiscing elit. Sed do: eiusmod tempor incididunt ut labore et dolore magna aliqua! Ut*",acme@lorem-ipsum.org,XPM2RR1A,2012/07/02 00:00,true,"Lorem ipsum dolor sit ame"
passenger-27,customer-01,"Lorem ipsum dolor sit amet, consect etur adipiscing elit. Sed do: eiusmod tempor incididunt ut labore et dolore magna aliqua! Ut*",acme@lorem-ipsum.org,R9P1WYUW,2012/07/02 00:00,true,"Lorem ipsum dolor sit ame"
passenger-28,customer-02,"Lorem ipsum dolor sit amet, consect etur adipiscing elit. Sed do: eiusmod tempor incididunt ut labore et dolore magna aliqua! Ut*",acme@lorem-ipsum.org,RICHNPZ,2012/07/02 00:00,true,"Lorem ipsum dolor sit ame"
passenger-29,customer-02,"Lorem ipsum dolor sit amet, consect etur adipiscing elit. Sed do: eiusmod tempor incididunt ut labore et dolore magna aliqua! Ut*",acme@lorem-ipsum.org,0FBMYZ,2012/07/02 00:00,true,"Lorem ipsum dolor sit ame"
#dateOfBirth-examples
passenger-30,customer-02,"Lorem ipsum dolor sit amet, consect etur adipiscing elit. Sed do: eiusmod tempor incididunt ut labore et dolore magna aliqua! Ut*",acme@lorem-ipsum.org,FKJZAG0XM,2000/01/01 00:00,true,"Lorem ipsum dolor sit ame"
passenger-31,customer-02,"Lorem ipsum dolor sit amet, consect etur adipiscing elit. Sed do: eiusmod tempor incididunt ut labore et dolore magna aliqua! Ut*",acme@lorem-ipsum.org,FKJZAG0XM,2000/01/01 00:01,true,"Lorem ipsum dolor sit ame"
passenger-32,customer-02,"Lorem ipsum dolor sit amet, consect etur adipiscing elit. Sed do: eiusmod tempor incididunt ut labore et dolore magna aliqua! Ut*",acme@lorem-ipsum.org,FKJZAG0XM,2024/12/31 23:59,true,"Lorem ipsum dolor sit ame"
passenger-33,customer-02,"Lorem ipsum dolor sit amet, consect etur adipiscing elit. Sed do: eiusmod tempor incididunt ut labore et dolore magna aliqua! Ut*",acme@lorem-ipsum.org,FKJZAG0XM,2025/01/01 00:00,true,"Lorem ipsum dolor sit ame"
#specialNeeds
passenger-34,customer-01,"Lorem ipsum dolor sit amet, consect etur adipiscing elit. Sed do: eiusmod tempor incididunt ut labore et dolore magna aliqua! Ut*",acme@lorem-ipsum.org,FKJZAG0XM,2012/07/02 00:00,true,"Lorem ipsum dolor sit ame"
passenger-35,customer-01,"Lorem ipsum dolor sit amet, consect etur adipiscing elit. Sed do: eiusmod tempor incididunt ut labore et dolore magna aliqua! Ut*",acme@lorem-ipsum.org,FKJZAG0XM,2012/07/02 00:00,true,"L"
passenger-36,customer-01,"Lorem ipsum dolor sit amet, consect etur adipiscing elit. Sed do: eiusmod tempor incididunt ut labore et dolore magna aliqua! Ut*",acme@lorem-ipsum.org,FKJZAG0XM,2012/07/02 00:00,true,"Lo"
passenger-37,customer-01,"Lorem ipsum dolor sit amet, consect etur adipiscing elit. Sed do: eiusmod tempor incididunt ut labore et dolore magna aliqua! Ut*",acme@lorem-ipsum.org,FKJZAG0XM,2012/07/02 00:00,true,"Lorem ipsum dolor sit amet, consectetur adipiscin"
passenger-38,customer-01,"Lorem ipsum dolor sit amet, consect etur adipiscing elit. Sed do: eiusmod tempor incididunt ut labore et dolore magna aliqua! Ut*",acme@lorem-ipsum.org,FKJZAG0XM,2012/07/02 00:00,true,"Lorem ipsum dolor sit amet, consectetur adipiscing"
passenger-39,customer-01,"Lorem ipsum dolor sit amet, consect etur adipiscing elit. Sed do: eiusmod tempor incididunt ut labore et dolore magna aliqua! Ut*",acme@lorem-ipsum.org,FKJZAG0XM,2012/07/02 00:00,true,"โลเร็ม อิปซัม"
passenger-40,customer-01,"Lorem ipsum dolor sit amet, consect etur adipiscing elit. Sed do: eiusmod tempor incididunt ut labore et dolore magna aliqua! Ut*",acme@lorem-ipsum.org,FKJZAG0XM,2012/07/02 00:00,true,"لوريم إيبسوم"
passenger-41,customer-01,"Lorem ipsum dolor sit amet, consect etur adipiscing elit. Sed do: eiusmod tempor incididunt ut labore et dolore magna aliqua! Ut*",acme@lorem-ipsum.org,FKJZAG0XM,2012/07/02 00:00,true,"洛伦·伊普森"
passenger-42,customer-01,"Lorem ipsum dolor sit amet, consect etur adipiscing elit. Sed do: eiusmod tempor incididunt ut labore et dolore magna aliqua! Ut*",acme@lorem-ipsum.org,FKJZAG0XM,2012/07/02 00:00,true,"<marquee>Hacked</marquee>"
passenger-43,customer-01,"Lorem ipsum dolor sit amet, consect etur adipiscing elit. Sed do: eiusmod tempor incididunt ut labore et dolore magna aliqua! Ut*",acme@lorem-ipsum.org,FKJZAG0XM,2012/07/02 00:00,true,"<script>alert(‘Hacked!’);</script>"
passenger-44,customer-01,"Lorem ipsum dolor sit amet, consect etur adipiscing elit. Sed do: eiusmod tempor incididunt ut labore et dolore magna aliqua! Ut*",acme@lorem-ipsum.org,FKJZAG0XM,2012/07/02 00:00,true,"' or 'A' = 'A "
#draftMode-examples
passenger-45,customer-01,"Lorem ipsum dolor sit amet, consect etur adipiscing elit. Sed do: eiusmod tempor incididunt ut labore et dolore magna aliqua! Ut*",acme@lorem-ipsum.org,FKJZAG0XM,2012/07/02 00:00,true,"Lorem ipsum dolor sit ame"
passenger-46,customer-01,"Lorem ipsum dolor sit amet, consect etur adipiscing elit. Sed do: eiusmod tempor incididunt ut labore et dolore magna aliqua! Ut*",acme@lorem-ipsum.org,FKJZAG0XM,2012/07/02 00:00,false,"Lorem ipsum dolor sit ame"
passenger-47,customer-03,"Lorem ipsum dolor sit amett, consect etur adipiscing elit. Sed do: eiusmod tempor incididunt ut labore et dolore magna aliqua! Ut*",acme@lorem-ipsum.org,FKJZAG0XM,2012/07/02 00:00,false,"Lorem ipsum dolor sit ame"