key,passportCountry,destinationCountry,continent,capital,currency,phoneCode,timezone,visaType,stayDuration,passportValidity,additionalInfo,officialLink
#base entity
visa-requirement-01,Lorem ipsum dolor sit ame,Lorem ipsum dolor sit ame,Lorem ipsum dolor sit ame,Lorem ipsum dolor sit ame,Lorem ipsum dolor sit ame,+34123456,+31:14,Lorem ipsum dolor sit ame,Lorem ipsum dolor sit ame,Lorem ipsum dolor sit ame,"Lorem ipsum dolor sit amet, consectetur adipiscing elit. Sed do: eiusmod tempor incididunt ut labore et dolore magna aliqua! Ut*",http://lorem.com/ipsum
#passportCountry - standard variations
visa-requirement-02,L,Lorem ipsum dolor sit ame,Lorem ipsum dolor sit ame,Lorem ipsum dolor sit ame,Lorem ipsum dolor sit ame,+34123456,+31:14,Lorem ipsum dolor sit ame,Lorem ipsum dolor sit ame,Lorem ipsum dolor sit ame,"Lorem ipsum dolor sit amet, consectetur adipiscing elit. Sed do: eiusmod tempor incididunt ut labore et dolore magna aliqua! Ut*",http://lorem.com/ipsum
visa-requirement-03,Lo,Lorem ipsum dolor sit ame,Lorem ipsum dolor sit ame,Lorem ipsum dolor sit ame,Lorem ipsum dolor sit ame,+34123456,+31:14,Lorem ipsum dolor sit ame,Lorem ipsum dolor sit ame,Lorem ipsum dolor sit ame,"Lorem ipsum dolor sit amet, consectetur adipiscing elit. Sed do: eiusmod tempor incididunt ut labore et dolore magna aliqua! Ut*",http://lorem.com/ipsum
visa-requirement-04,"Lorem ipsum dolor sit amet, consectetur adipiscin",Lorem ipsum dolor sit ame,Lorem ipsum dolor sit ame,Lorem ipsum dolor sit ame,Lorem ipsum dolor sit ame,+34123456,+31:14,Lorem ipsum dolor sit ame,Lorem ipsum dolor sit ame,Lorem ipsum dolor sit ame,"Lorem ipsum dolor sit amet, consectetur adipiscing elit. Sed do: eiusmod tempor incididunt ut labore et dolore magna aliqua! Ut*",http://lorem.com/ipsum
visa-requirement-05,"Lorem ipsum dolor sit amet, consectetur adipiscing",Lorem ipsum dolor sit ame,Lorem ipsum dolor sit ame,Lorem ipsum dolor sit ame,Lorem ipsum dolor sit ame,+34123456,+31:14,Lorem ipsum dolor sit ame,Lorem ipsum dolor sit ame,Lorem ipsum dolor sit ame,"Lorem ipsum dolor sit amet, consectetur adipiscing elit. Sed do: eiusmod tempor incididunt ut labore et dolore magna aliqua! Ut*",http://lorem.com/ipsum
visa-requirement-06,โลเร็ม อิปซัม,Lorem ipsum dolor sit ame,Lorem ipsum dolor sit ame,Lorem ipsum dolor sit ame,Lorem ipsum dolor sit ame,+34123456,+31:14,Lorem ipsum dolor sit ame,Lorem ipsum dolor sit ame,Lorem ipsum dolor sit ame,"Lorem ipsum dolor sit amet, consectetur adipiscing elit. Sed do: eiusmod tempor incididunt ut labore et dolore magna aliqua! Ut*",http://lorem.com/ipsum
visa-requirement-07,لوريم إيبسوم,Lorem ipsum dolor sit ame,Lorem ipsum dolor sit ame,Lorem ipsum dolor sit ame,Lorem ipsum dolor sit ame,+34123456,+31:14,Lorem ipsum dolor sit ame,Lorem ipsum dolor sit ame,Lorem ipsum dolor sit ame,"Lorem ipsum dolor sit amet, consectetur adipiscing elit. Sed do: eiusmod tempor incididunt ut labore et dolore magna aliqua! Ut*",http://lorem.com/ipsum
visa-requirement-08,洛伦·伊普森,Lorem ipsum dolor sit ame,Lorem ipsum dolor sit ame,Lorem ipsum dolor sit ame,Lorem ipsum dolor sit ame,+34123456,+31:14,Lorem ipsum dolor sit ame,Lorem ipsum dolor sit ame,Lorem ipsum dolor sit ame,"Lorem ipsum dolor sit amet, consectetur adipiscing elit. Sed do: eiusmod tempor incididunt ut labore et dolore magna aliqua! Ut*",http://lorem.com/ipsum
visa-requirement-09,<marquee>Hacked</marquee>,Lorem ipsum dolor sit ame,Lorem ipsum dolor sit ame,Lorem ipsum dolor sit ame,Lorem ipsum dolor sit ame,+34123456,+31:14,Lorem ipsum dolor sit ame,Lorem ipsum dolor sit ame,Lorem ipsum dolor sit ame,"Lorem ipsum dolor sit amet, consectetur adipiscing elit. Sed do: eiusmod tempor incididunt ut labore et dolore magna aliqua! Ut*",http://lorem.com/ipsum
visa-requirement-10,<script>alert(‘Hacked!’);</script>,Lorem ipsum dolor sit ame,Lorem ipsum dolor sit ame,Lorem ipsum dolor sit ame,Lorem ipsum dolor sit ame,+34123456,+31:14,Lorem ipsum dolor sit ame,Lorem ipsum dolor sit ame,Lorem ipsum dolor sit ame,"Lorem ipsum dolor sit amet, consectetur adipiscing elit. Sed do: eiusmod tempor incididunt ut labore et dolore magna aliqua! Ut*",http://lorem.com/ipsum
visa-requirement-11,' or 'A' = 'A,Lorem ipsum dolor sit ame,Lorem ipsum dolor sit ame,Lorem ipsum dolor sit ame,Lorem ipsum dolor sit ame,+34123456,+31:14,Lorem ipsum dolor sit ame,Lorem ipsum dolor sit ame,Lorem ipsum dolor sit ame,"Lorem ipsum dolor sit amet, consectetur adipiscing elit. Sed do: eiusmod tempor incididunt ut labore et dolore magna aliqua! Ut*",http://lorem.com/ipsum
#passportCountry - no singular values
#destinationCountry - standard variations
visa-requirement-12,Lorem ipsum dolor sit ame,L,Lorem ipsum dolor sit ame,Lorem ipsum dolor sit ame,Lorem ipsum dolor sit ame,+34123456,+31:14,Lorem ipsum dolor sit ame,Lorem ipsum dolor sit ame,Lorem ipsum dolor sit ame,"Lorem ipsum dolor sit amet, consectetur adipiscing elit. Sed do: eiusmod tempor incididunt ut labore et dolore magna aliqua! Ut*",http://lorem.com/ipsum
visa-requirement-13,Lorem ipsum dolor sit ame,Lo,Lorem ipsum dolor sit ame,Lorem ipsum dolor sit ame,Lorem ipsum dolor sit ame,+34123456,+31:14,Lorem ipsum dolor sit ame,Lorem ipsum dolor sit ame,Lorem ipsum dolor sit ame,"Lorem ipsum dolor sit amet, consectetur adipiscing elit. Sed do: eiusmod tempor incididunt ut labore et dolore magna aliqua! Ut*",http://lorem.com/ipsum
visa-requirement-14,Lorem ipsum dolor sit ame,"Lorem ipsum dolor sit amet, consectetur adipiscin",Lorem ipsum dolor sit ame,Lorem ipsum dolor sit ame,Lorem ipsum dolor sit ame,+34123456,+31:14,Lorem ipsum dolor sit ame,Lorem ipsum dolor sit ame,Lorem ipsum dolor sit ame,"Lorem ipsum dolor sit amet, consectetur adipiscing elit. Sed do: eiusmod tempor incididunt ut labore et dolore magna aliqua! Ut*",http://lorem.com/ipsum
visa-requirement-15,Lorem ipsum dolor sit ame,"Lorem ipsum dolor sit amet, consectetur adipiscing",Lorem ipsum dolor sit ame,Lorem ipsum dolor sit ame,Lorem ipsum dolor sit ame,+34123456,+31:14,Lorem ipsum dolor sit ame,Lorem ipsum dolor sit ame,Lorem ipsum dolor sit ame,"Lorem ipsum dolor sit amet, consectetur adipiscing elit. Sed do: eiusmod tempor incididunt ut labore et dolore magna aliqua! Ut*",http://lorem.com/ipsum
visa-requirement-16,Lorem ipsum dolor sit ame,โลเร็ม อิปซัม,Lorem ipsum dolor sit ame,Lorem ipsum dolor sit ame,Lorem ipsum dolor sit ame,+34123456,+31:14,Lorem ipsum dolor sit ame,Lorem ipsum dolor sit ame,Lorem ipsum dolor sit ame,"Lorem ipsum dolor sit amet, consectetur adipiscing elit. Sed do: eiusmod tempor incididunt ut labore et dolore magna aliqua! Ut*",http://lorem.com/ipsum
visa-requirement-17,Lorem ipsum dolor sit ame,لوريم إيبسوم,Lorem ipsum dolor sit ame,Lorem ipsum dolor sit ame,Lorem ipsum dolor sit ame,+34123456,+31:14,Lorem ipsum dolor sit ame,Lorem ipsum dolor sit ame,Lorem ipsum dolor sit ame,"Lorem ipsum dolor sit amet, consectetur adipiscing elit. Sed do: eiusmod tempor incididunt ut labore et dolore magna aliqua! Ut*",http://lorem.com/ipsum
visa-requirement-18,Lorem ipsum dolor sit ame,洛伦·伊普森,Lorem ipsum dolor sit ame,Lorem ipsum dolor sit ame,Lorem ipsum dolor sit ame,+34123456,+31:14,Lorem ipsum dolor sit ame,Lorem ipsum dolor sit ame,Lorem ipsum dolor sit ame,"Lorem ipsum dolor sit amet, consectetur adipiscing elit. Sed do: eiusmod tempor incididunt ut labore et dolore magna aliqua! Ut*",http://lorem.com/ipsum
visa-requirement-19,Lorem ipsum dolor sit ame,<marquee>Hacked</marquee>,Lorem ipsum dolor sit ame,Lorem ipsum dolor sit ame,Lorem ipsum dolor sit ame,+34123456,+31:14,Lorem ipsum dolor sit ame,Lorem ipsum dolor sit ame,Lorem ipsum dolor sit ame,"Lorem ipsum dolor sit amet, consectetur adipiscing elit. Sed do: eiusmod tempor incididunt ut labore et dolore magna aliqua! Ut*",http://lorem.com/ipsum
visa-requirement-20,Lorem ipsum dolor sit ame,<script>alert(‘Hacked!’);</script>,Lorem ipsum dolor sit ame,Lorem ipsum dolor sit ame,Lorem ipsum dolor sit ame,+34123456,+31:14,Lorem ipsum dolor sit ame,Lorem ipsum dolor sit ame,Lorem ipsum dolor sit ame,"Lorem ipsum dolor sit amet, consectetur adipiscing elit. Sed do: eiusmod tempor incididunt ut labore et dolore magna aliqua! Ut*",http://lorem.com/ipsum
visa-requirement-21,Lorem ipsum dolor sit ame,' or 'A' = 'A,Lorem ipsum dolor sit ame,Lorem ipsum dolor sit ame,Lorem ipsum dolor sit ame,+34123456,+31:14,Lorem ipsum dolor sit ame,Lorem ipsum dolor sit ame,Lorem ipsum dolor sit ame,"Lorem ipsum dolor sit amet, consectetur adipiscing elit. Sed do: eiusmod tempor incididunt ut labore et dolore magna aliqua! Ut*",http://lorem.com/ipsum
#destionationCountry - no singular values
#continent - standard variations
visa-requirement-22,P1,P2,L,Lorem ipsum dolor sit ame,Lorem ipsum dolor sit ame,+34123456,+31:14,Lorem ipsum dolor sit ame,Lorem ipsum dolor sit ame,Lorem ipsum dolor sit ame,"Lorem ipsum dolor sit amet, consectetur adipiscing elit. Sed do: eiusmod tempor incididunt ut labore et dolore magna aliqua! Ut*",http://lorem.com/ipsum
visa-requirement-23,P2,P3,Lo,Lorem ipsum dolor sit ame,Lorem ipsum dolor sit ame,+34123456,+31:14,Lorem ipsum dolor sit ame,Lorem ipsum dolor sit ame,Lorem ipsum dolor sit ame,"Lorem ipsum dolor sit amet, consectetur adipiscing elit. Sed do: eiusmod tempor incididunt ut labore et dolore magna aliqua! Ut*",http://lorem.com/ipsum
visa-requirement-24,P3,P4,"Lorem ipsum dolor sit amet, consectetur adipiscin",Lorem ipsum dolor sit ame,Lorem ipsum dolor sit ame,+34123456,+31:14,Lorem ipsum dolor sit ame,Lorem ipsum dolor sit ame,Lorem ipsum dolor sit ame,"Lorem ipsum dolor sit amet, consectetur adipiscing elit. Sed do: eiusmod tempor incididunt ut labore et dolore magna aliqua! Ut*",http://lorem.com/ipsum
visa-requirement-25,P4,P5,"Lorem ipsum dolor sit amet, consectetur adipiscing",Lorem ipsum dolor sit ame,Lorem ipsum dolor sit ame,+34123456,+31:14,Lorem ipsum dolor sit ame,Lorem ipsum dolor sit ame,Lorem ipsum dolor sit ame,"Lorem ipsum dolor sit amet, consectetur adipiscing elit. Sed do: eiusmod tempor incididunt ut labore et dolore magna aliqua! Ut*",http://lorem.com/ipsum
visa-requirement-26,P5,P6,โลเร็ม อิปซัม,Lorem ipsum dolor sit ame,Lorem ipsum dolor sit ame,+34123456,+31:14,Lorem ipsum dolor sit ame,Lorem ipsum dolor sit ame,Lorem ipsum dolor sit ame,"Lorem ipsum dolor sit amet, consectetur adipiscing elit. Sed do: eiusmod tempor incididunt ut labore et dolore magna aliqua! Ut*",http://lorem.com/ipsum
visa-requirement-27,P6,P7,لوريم إيبسوم,Lorem ipsum dolor sit ame,Lorem ipsum dolor sit ame,+34123456,+31:14,Lorem ipsum dolor sit ame,Lorem ipsum dolor sit ame,Lorem ipsum dolor sit ame,"Lorem ipsum dolor sit amet, consectetur adipiscing elit. Sed do: eiusmod tempor incididunt ut labore et dolore magna aliqua! Ut*",http://lorem.com/ipsum
visa-requirement-28,P7,P8,洛伦·伊普森,Lorem ipsum dolor sit ame,Lorem ipsum dolor sit ame,+34123456,+31:14,Lorem ipsum dolor sit ame,Lorem ipsum dolor sit ame,Lorem ipsum dolor sit ame,"Lorem ipsum dolor sit amet, consectetur adipiscing elit. Sed do: eiusmod tempor incididunt ut labore et dolore magna aliqua! Ut*",http://lorem.com/ipsum
visa-requirement-29,P8,P9,<marquee>Hacked</marquee>,Lorem ipsum dolor sit ame,Lorem ipsum dolor sit ame,+34123456,+31:14,Lorem ipsum dolor sit ame,Lorem ipsum dolor sit ame,Lorem ipsum dolor sit ame,"Lorem ipsum dolor sit amet, consectetur adipiscing elit. Sed do: eiusmod tempor incididunt ut labore et dolore magna aliqua! Ut*",http://lorem.com/ipsum
visa-requirement-30,P9,P10,<script>alert(‘Hacked!’);</script>,Lorem ipsum dolor sit ame,Lorem ipsum dolor sit ame,+34123456,+31:14,Lorem ipsum dolor sit ame,Lorem ipsum dolor sit ame,Lorem ipsum dolor sit ame,"Lorem ipsum dolor sit amet, consectetur adipiscing elit. Sed do: eiusmod tempor incididunt ut labore et dolore magna aliqua! Ut*",http://lorem.com/ipsum
visa-requirement-31,P10,P11,' or 'A' = 'A,Lorem ipsum dolor sit ame,Lorem ipsum dolor sit ame,+34123456,+31:14,Lorem ipsum dolor sit ame,Lorem ipsum dolor sit ame,Lorem ipsum dolor sit ame,"Lorem ipsum dolor sit amet, consectetur adipiscing elit. Sed do: eiusmod tempor incididunt ut labore et dolore magna aliqua! Ut*",http://lorem.com/ipsum
#continent - no singular values
#capital - standard variations
visa-requirement-32,P11,P12,Lorem ipsum dolor sit ame,L,Lorem ipsum dolor sit ame,+34123456,+31:14,Lorem ipsum dolor sit ame,Lorem ipsum dolor sit ame,Lorem ipsum dolor sit ame,"Lorem ipsum dolor sit amet, consectetur adipiscing elit. Sed do: eiusmod tempor incididunt ut labore et dolore magna aliqua! Ut*",http://lorem.com/ipsum
visa-requirement-33,P12,P13,Lorem ipsum dolor sit ame,Lo,Lorem ipsum dolor sit ame,+34123456,+31:14,Lorem ipsum dolor sit ame,Lorem ipsum dolor sit ame,Lorem ipsum dolor sit ame,"Lorem ipsum dolor sit amet, consectetur adipiscing elit. Sed do: eiusmod tempor incididunt ut labore et dolore magna aliqua! Ut*",http://lorem.com/ipsum
visa-requirement-34,P13,P14,Lorem ipsum dolor sit ame,"Lorem ipsum dolor sit amet, consectetur adipiscin",Lorem ipsum dolor sit ame,+34123456,+31:14,Lorem ipsum dolor sit ame,Lorem ipsum dolor sit ame,Lorem ipsum dolor sit ame,"Lorem ipsum dolor sit amet, consectetur adipiscing elit. Sed do: eiusmod tempor incididunt ut labore et dolore magna aliqua! Ut*",http://lorem.com/ipsum
visa-requirement-35,P14,P15,Lorem ipsum dolor sit ame,"Lorem ipsum dolor sit amet, consectetur adipiscing",Lorem ipsum dolor sit ame,+34123456,+31:14,Lorem ipsum dolor sit ame,Lorem ipsum dolor sit ame,Lorem ipsum dolor sit ame,"Lorem ipsum dolor sit amet, consectetur adipiscing elit. Sed do: eiusmod tempor incididunt ut labore et dolore magna aliqua! Ut*",http://lorem.com/ipsum
visa-requirement-36,P15,P16,Lorem ipsum dolor sit ame,โลเร็ม อิปซัม,Lorem ipsum dolor sit ame,+34123456,+31:14,Lorem ipsum dolor sit ame,Lorem ipsum dolor sit ame,Lorem ipsum dolor sit ame,"Lorem ipsum dolor sit amet, consectetur adipiscing elit. Sed do: eiusmod tempor incididunt ut labore et dolore magna aliqua! Ut*",http://lorem.com/ipsum
visa-requirement-37,P16,P17,Lorem ipsum dolor sit ame,لوريم إيبسوم,Lorem ipsum dolor sit ame,+34123456,+31:14,Lorem ipsum dolor sit ame,Lorem ipsum dolor sit ame,Lorem ipsum dolor sit ame,"Lorem ipsum dolor sit amet, consectetur adipiscing elit. Sed do: eiusmod tempor incididunt ut labore et dolore magna aliqua! Ut*",http://lorem.com/ipsum
visa-requirement-38,P17,P18,Lorem ipsum dolor sit ame,洛伦·伊普森,Lorem ipsum dolor sit ame,+34123456,+31:14,Lorem ipsum dolor sit ame,Lorem ipsum dolor sit ame,Lorem ipsum dolor sit ame,"Lorem ipsum dolor sit amet, consectetur adipiscing elit. Sed do: eiusmod tempor incididunt ut labore et dolore magna aliqua! Ut*",http://lorem.com/ipsum
visa-requirement-39,P18,P19,Lorem ipsum dolor sit ame,<marquee>Hacked</marquee>,Lorem ipsum dolor sit ame,+34123456,+31:14,Lorem ipsum dolor sit ame,Lorem ipsum dolor sit ame,Lorem ipsum dolor sit ame,"Lorem ipsum dolor sit amet, consectetur adipiscing elit. Sed do: eiusmod tempor incididunt ut labore et dolore magna aliqua! Ut*",http://lorem.com/ipsum
visa-requirement-40,P19,P20,Lorem ipsum dolor sit ame,<script>alert(‘Hacked!’);</script>,Lorem ipsum dolor sit ame,+34123456,+31:14,Lorem ipsum dolor sit ame,Lorem ipsum dolor sit ame,Lorem ipsum dolor sit ame,"Lorem ipsum dolor sit amet, consectetur adipiscing elit. Sed do: eiusmod tempor incididunt ut labore et dolore magna aliqua! Ut*",http://lorem.com/ipsum
visa-requirement-41,P20,P21,Lorem ipsum dolor sit ame,' or 'A' = 'A,Lorem ipsum dolor sit ame,+34123456,+31:14,Lorem ipsum dolor sit ame,Lorem ipsum dolor sit ame,Lorem ipsum dolor sit ame,"Lorem ipsum dolor sit amet, consectetur adipiscing elit. Sed do: eiusmod tempor incididunt ut labore et dolore magna aliqua! Ut*",http://lorem.com/ipsum
#capital - no singular values
#currency - standard variations
visa-requirement-42,P21,P22,Lorem ipsum dolor sit ame,Lorem ipsum dolor sit ame,L,+34123456,+31:14,Lorem ipsum dolor sit ame,Lorem ipsum dolor sit ame,Lorem ipsum dolor sit ame,"Lorem ipsum dolor sit amet, consectetur adipiscing elit. Sed do: eiusmod tempor incididunt ut labore et dolore magna aliqua! Ut*",http://lorem.com/ipsum
visa-requirement-43,P22,P23,Lorem ipsum dolor sit ame,Lorem ipsum dolor sit ame,Lo,+34123456,+31:14,Lorem ipsum dolor sit ame,Lorem ipsum dolor sit ame,Lorem ipsum dolor sit ame,"Lorem ipsum dolor sit amet, consectetur adipiscing elit. Sed do: eiusmod tempor incididunt ut labore et dolore magna aliqua! Ut*",http://lorem.com/ipsum
visa-requirement-44,P23,P24,Lorem ipsum dolor sit ame,Lorem ipsum dolor sit ame,"Lorem ipsum dolor sit amet, consectetur adipiscin",+34123456,+31:14,Lorem ipsum dolor sit ame,Lorem ipsum dolor sit ame,Lorem ipsum dolor sit ame,"Lorem ipsum dolor sit amet, consectetur adipiscing elit. Sed do: eiusmod tempor incididunt ut labore et dolore magna aliqua! Ut*",http://lorem.com/ipsum
visa-requirement-45,P24,P25,Lorem ipsum dolor sit ame,Lorem ipsum dolor sit ame,"Lorem ipsum dolor sit amet, consectetur adipiscing",+34123456,+31:14,Lorem ipsum dolor sit ame,Lorem ipsum dolor sit ame,Lorem ipsum dolor sit ame,"Lorem ipsum dolor sit amet, consectetur adipiscing elit. Sed do: eiusmod tempor incididunt ut labore et dolore magna aliqua! Ut*",http://lorem.com/ipsum
visa-requirement-46,P25,P26,Lorem ipsum dolor sit ame,Lorem ipsum dolor sit ame,โลเร็ม อิปซัม,+34123456,+31:14,Lorem ipsum dolor sit ame,Lorem ipsum dolor sit ame,Lorem ipsum dolor sit ame,"Lorem ipsum dolor sit amet, consectetur adipiscing elit. Sed do: eiusmod tempor incididunt ut labore et dolore magna aliqua! Ut*",http://lorem.com/ipsum
visa-requirement-47,P26,P27,Lorem ipsum dolor sit ame,Lorem ipsum dolor sit ame,لوريم إيبسوم,+34123456,+31:14,Lorem ipsum dolor sit ame,Lorem ipsum dolor sit ame,Lorem ipsum dolor sit ame,"Lorem ipsum dolor sit amet, consectetur adipiscing elit. Sed do: eiusmod tempor incididunt ut labore et dolore magna aliqua! Ut*",http://lorem.com/ipsum
visa-requirement-48,P27,P28,Lorem ipsum dolor sit ame,Lorem ipsum dolor sit ame,洛伦·伊普森,+34123456,+31:14,Lorem ipsum dolor sit ame,Lorem ipsum dolor sit ame,Lorem ipsum dolor sit ame,"Lorem ipsum dolor sit amet, consectetur adipiscing elit. Sed do: eiusmod tempor incididunt ut labore et dolore magna aliqua! Ut*",http://lorem.com/ipsum
visa-requirement-49,P28,P29,Lorem ipsum dolor sit ame,Lorem ipsum dolor sit ame,<marquee>Hacked</marquee>,+34123456,+31:14,Lorem ipsum dolor sit ame,Lorem ipsum dolor sit ame,Lorem ipsum dolor sit ame,"Lorem ipsum dolor sit amet, consectetur adipiscing elit. Sed do: eiusmod tempor incididunt ut labore et dolore magna aliqua! Ut*",http://lorem.com/ipsum
visa-requirement-50,P29,P30,Lorem ipsum dolor sit ame,Lorem ipsum dolor sit ame,<script>alert(‘Hacked!’);</script>,+34123456,+31:14,Lorem ipsum dolor sit ame,Lorem ipsum dolor sit ame,Lorem ipsum dolor sit ame,"Lorem ipsum dolor sit amet, consectetur adipiscing elit. Sed do: eiusmod tempor incididunt ut labore et dolore magna aliqua! Ut*",http://lorem.com/ipsum
visa-requirement-51,P30,P31,Lorem ipsum dolor sit ame,Lorem ipsum dolor sit ame,' or 'A' = 'A,+34123456,+31:14,Lorem ipsum dolor sit ame,Lorem ipsum dolor sit ame,Lorem ipsum dolor sit ame,"Lorem ipsum dolor sit amet, consectetur adipiscing elit. Sed do: eiusmod tempor incididunt ut labore et dolore magna aliqua! Ut*",http://lorem.com/ipsum
#capital - no singular values
#visaType - standart variations,""
visa-requirement-52,P31,P32,Lorem ipsum dolor sit ame,Lorem ipsum dolor sit ame,Lorem ipsum dolor sit ame,+34123456,+31:14,L,Lorem ipsum dolor sit ame,Lorem ipsum dolor sit ame,"Lorem ipsum dolor sit amet, consectetur adipiscing elit. Sed do: eiusmod tempor incididunt ut labore et dolore magna aliqua! Ut*",http://lorem.com/ipsum
visa-requirement-53,P32,P33,Lorem ipsum dolor sit ame,Lorem ipsum dolor sit ame,Lorem ipsum dolor sit ame,+34123456,+31:14,Lo,Lorem ipsum dolor sit ame,Lorem ipsum dolor sit ame,"Lorem ipsum dolor sit amet, consectetur adipiscing elit. Sed do: eiusmod tempor incididunt ut labore et dolore magna aliqua! Ut*",http://lorem.com/ipsum
visa-requirement-54,P33,P34,Lorem ipsum dolor sit ame,Lorem ipsum dolor sit ame,Lorem ipsum dolor sit ame,+34123456,+31:14,"Lorem ipsum dolor sit amet, consectetur adipiscin",Lorem ipsum dolor sit ame,Lorem ipsum dolor sit ame,"Lorem ipsum dolor sit amet, consectetur adipiscing elit. Sed do: eiusmod tempor incididunt ut labore et dolore magna aliqua! Ut*",http://lorem.com/ipsum
visa-requirement-55,P34,P35,Lorem ipsum dolor sit ame,Lorem ipsum dolor sit ame,Lorem ipsum dolor sit ame,+34123456,+31:14,"Lorem ipsum dolor sit amet, consectetur adipiscing",Lorem ipsum dolor sit ame,Lorem ipsum dolor sit ame,"Lorem ipsum dolor sit amet, consectetur adipiscing elit. Sed do: eiusmod tempor incididunt ut labore et dolore magna aliqua! Ut*",http://lorem.com/ipsum
visa-requirement-56,P35,P36,Lorem ipsum dolor sit ame,Lorem ipsum dolor sit ame,Lorem ipsum dolor sit ame,+34123456,+31:14,โลเร็ม อิปซัม,Lorem ipsum dolor sit ame,Lorem ipsum dolor sit ame,"Lorem ipsum dolor sit amet, consectetur adipiscing elit. Sed do: eiusmod tempor incididunt ut labore et dolore magna aliqua! Ut*",http://lorem.com/ipsum
visa-requirement-57,P36,P37,Lorem ipsum dolor sit ame,Lorem ipsum dolor sit ame,Lorem ipsum dolor sit ame,+34123456,+31:14,لوريم إيبسوم,Lorem ipsum dolor sit ame,Lorem ipsum dolor sit ame,"Lorem ipsum dolor sit amet, consectetur adipiscing elit. Sed do: eiusmod tempor incididunt ut labore et dolore magna aliqua! Ut*",http://lorem.com/ipsum
visa-requirement-58,P37,P38,Lorem ipsum dolor sit ame,Lorem ipsum dolor sit ame,Lorem ipsum dolor sit ame,+34123456,+31:14,洛伦·伊普森,Lorem ipsum dolor sit ame,Lorem ipsum dolor sit ame,"Lorem ipsum dolor sit amet, consectetur adipiscing elit. Sed do: eiusmod tempor incididunt ut labore et dolore magna aliqua! Ut*",http://lorem.com/ipsum
visa-requirement-59,P38,P39,Lorem ipsum dolor sit ame,Lorem ipsum dolor sit ame,Lorem ipsum dolor sit ame,+34123456,+31:14,<marquee>Hacked</marquee>,Lorem ipsum dolor sit ame,Lorem ipsum dolor sit ame,"Lorem ipsum dolor sit amet, consectetur adipiscing elit. Sed do: eiusmod tempor incididunt ut labore et dolore magna aliqua! Ut*",http://lorem.com/ipsum
visa-requirement-60,P39,P40,Lorem ipsum dolor sit ame,Lorem ipsum dolor sit ame,Lorem ipsum dolor sit ame,+34123456,+31:14,<script>alert(‘Hacked!’);</script>,Lorem ipsum dolor sit ame,Lorem ipsum dolor sit ame,"Lorem ipsum dolor sit amet, consectetur adipiscing elit. Sed do: eiusmod tempor incididunt ut labore et dolore magna aliqua! Ut*",http://lorem.com/ipsum
visa-requirement-61,P40,P41,Lorem ipsum dolor sit ame,Lorem ipsum dolor sit ame,Lorem ipsum dolor sit ame,+34123456,+31:14,' or 'A' = 'A,Lorem ipsum dolor sit ame,Lorem ipsum dolor sit ame,"Lorem ipsum dolor sit amet, consectetur adipiscing elit. Sed do: eiusmod tempor incididunt ut labore et dolore magna aliqua! Ut*",http://lorem.com/ipsum
#visaType - no singular values
#stayDuration - standart variations
visa-requirement-62,P41,P42,Lorem ipsum dolor sit ame,Lorem ipsum dolor sit ame,Lorem ipsum dolor sit ame,+34123456,+31:14,Lorem ipsum dolor sit ame,L,Lorem ipsum dolor sit ame,"Lorem ipsum dolor sit amet, consectetur adipiscing elit. Sed do: eiusmod tempor incididunt ut labore et dolore magna aliqua! Ut*",http://lorem.com/ipsum
visa-requirement-63,P42,P43,Lorem ipsum dolor sit ame,Lorem ipsum dolor sit ame,Lorem ipsum dolor sit ame,+34123456,+31:14,Lorem ipsum dolor sit ame,Lo,Lorem ipsum dolor sit ame,"Lorem ipsum dolor sit amet, consectetur adipiscing elit. Sed do: eiusmod tempor incididunt ut labore et dolore magna aliqua! Ut*",http://lorem.com/ipsum
visa-requirement-64,P43,P44,Lorem ipsum dolor sit ame,Lorem ipsum dolor sit ame,Lorem ipsum dolor sit ame,+34123456,+31:14,Lorem ipsum dolor sit ame,"Lorem ipsum dolor sit amet, consectetur adipiscin",Lorem ipsum dolor sit ame,"Lorem ipsum dolor sit amet, consectetur adipiscing elit. Sed do: eiusmod tempor incididunt ut labore et dolore magna aliqua! Ut*",http://lorem.com/ipsum
visa-requirement-65,P44,P45,Lorem ipsum dolor sit ame,Lorem ipsum dolor sit ame,Lorem ipsum dolor sit ame,+34123456,+31:14,Lorem ipsum dolor sit ame,"Lorem ipsum dolor sit amet, consectetur adipiscing",Lorem ipsum dolor sit ame,"Lorem ipsum dolor sit amet, consectetur adipiscing elit. Sed do: eiusmod tempor incididunt ut labore et dolore magna aliqua! Ut*",http://lorem.com/ipsum
visa-requirement-66,P45,P46,Lorem ipsum dolor sit ame,Lorem ipsum dolor sit ame,Lorem ipsum dolor sit ame,+34123456,+31:14,Lorem ipsum dolor sit ame,โลเร็ม อิปซัม,Lorem ipsum dolor sit ame,"Lorem ipsum dolor sit amet, consectetur adipiscing elit. Sed do: eiusmod tempor incididunt ut labore et dolore magna aliqua! Ut*",http://lorem.com/ipsum
visa-requirement-67,P46,P47,Lorem ipsum dolor sit ame,Lorem ipsum dolor sit ame,Lorem ipsum dolor sit ame,+34123456,+31:14,Lorem ipsum dolor sit ame,لوريم إيبسوم,Lorem ipsum dolor sit ame,"Lorem ipsum dolor sit amet, consectetur adipiscing elit. Sed do: eiusmod tempor incididunt ut labore et dolore magna aliqua! Ut*",http://lorem.com/ipsum
visa-requirement-68,P47,P48,Lorem ipsum dolor sit ame,Lorem ipsum dolor sit ame,Lorem ipsum dolor sit ame,+34123456,+31:14,Lorem ipsum dolor sit ame,洛伦·伊普森,Lorem ipsum dolor sit ame,"Lorem ipsum dolor sit amet, consectetur adipiscing elit. Sed do: eiusmod tempor incididunt ut labore et dolore magna aliqua! Ut*",http://lorem.com/ipsum
visa-requirement-69,P48,P49,Lorem ipsum dolor sit ame,Lorem ipsum dolor sit ame,Lorem ipsum dolor sit ame,+34123456,+31:14,Lorem ipsum dolor sit ame,<marquee>Hacked</marquee>,Lorem ipsum dolor sit ame,"Lorem ipsum dolor sit amet, consectetur adipiscing elit. Sed do: eiusmod tempor incididunt ut labore et dolore magna aliqua! Ut*",http://lorem.com/ipsum
visa-requirement-70,P49,P50,Lorem ipsum dolor sit ame,Lorem ipsum dolor sit ame,Lorem ipsum dolor sit ame,+34123456,+31:14,Lorem ipsum dolor sit ame,<script>alert(‘Hacked!’);</script>,Lorem ipsum dolor sit ame,"Lorem ipsum dolor sit amet, consectetur adipiscing elit. Sed do: eiusmod tempor incididunt ut labore et dolore magna aliqua! Ut*",http://lorem.com/ipsum
visa-requirement-71,P50,P51,Lorem ipsum dolor sit ame,Lorem ipsum dolor sit ame,Lorem ipsum dolor sit ame,+34123456,+31:14,Lorem ipsum dolor sit ame,' or 'A' = 'A,Lorem ipsum dolor sit ame,"Lorem ipsum dolor sit amet, consectetur adipiscing elit. Sed do: eiusmod tempor incididunt ut labore et dolore magna aliqua! Ut*",http://lorem.com/ipsum
#stayDuration - no singular values
#passportValidity - standart Variations
visa-requirement-72,P51,P52,Lorem ipsum dolor sit ame,Lorem ipsum dolor sit ame,Lorem ipsum dolor sit ame,+34123456,+31:14,Lorem ipsum dolor sit ame,Lorem ipsum dolor sit ame,L,"Lorem ipsum dolor sit amet, consectetur adipiscing elit. Sed do: eiusmod tempor incididunt ut labore et dolore magna aliqua! Ut*",http://lorem.com/ipsum
visa-requirement-73,P52,P53,Lorem ipsum dolor sit ame,Lorem ipsum dolor sit ame,Lorem ipsum dolor sit ame,+34123456,+31:14,Lorem ipsum dolor sit ame,Lorem ipsum dolor sit ame,Lo,"Lorem ipsum dolor sit amet, consectetur adipiscing elit. Sed do: eiusmod tempor incididunt ut labore et dolore magna aliqua! Ut*",http://lorem.com/ipsum
visa-requirement-74,P53,P54,Lorem ipsum dolor sit ame,Lorem ipsum dolor sit ame,Lorem ipsum dolor sit ame,+34123456,+31:14,Lorem ipsum dolor sit ame,Lorem ipsum dolor sit ame,"Lorem ipsum dolor sit amet, consectetur adipiscin","Lorem ipsum dolor sit amet, consectetur adipiscing elit. Sed do: eiusmod tempor incididunt ut labore et dolore magna aliqua! Ut*",http://lorem.com/ipsum
visa-requirement-75,P54,P55,Lorem ipsum dolor sit ame,Lorem ipsum dolor sit ame,Lorem ipsum dolor sit ame,+34123456,+31:14,Lorem ipsum dolor sit ame,Lorem ipsum dolor sit ame,"Lorem ipsum dolor sit amet, consectetur adipiscing","Lorem ipsum dolor sit amet, consectetur adipiscing elit. Sed do: eiusmod tempor incididunt ut labore et dolore magna aliqua! Ut*",http://lorem.com/ipsum
visa-requirement-76,P55,P56,Lorem ipsum dolor sit ame,Lorem ipsum dolor sit ame,Lorem ipsum dolor sit ame,+34123456,+31:14,Lorem ipsum dolor sit ame,Lorem ipsum dolor sit ame,โลเร็ม อิปซัม,"Lorem ipsum dolor sit amet, consectetur adipiscing elit. Sed do: eiusmod tempor incididunt ut labore et dolore magna aliqua! Ut*",http://lorem.com/ipsum
visa-requirement-77,P56,P57,Lorem ipsum dolor sit ame,Lorem ipsum dolor sit ame,Lorem ipsum dolor sit ame,+34123456,+31:14,Lorem ipsum dolor sit ame,Lorem ipsum dolor sit ame,لوريم إيبسوم,"Lorem ipsum dolor sit amet, consectetur adipiscing elit. Sed do: eiusmod tempor incididunt ut labore et dolore magna aliqua! Ut*",http://lorem.com/ipsum
visa-requirement-78,P57,P58,Lorem ipsum dolor sit ame,Lorem ipsum dolor sit ame,Lorem ipsum dolor sit ame,+34123456,+31:14,Lorem ipsum dolor sit ame,Lorem ipsum dolor sit ame,洛伦·伊普森,"Lorem ipsum dolor sit amet, consectetur adipiscing elit. Sed do: eiusmod tempor incididunt ut labore et dolore magna aliqua! Ut*",http://lorem.com/ipsum
visa-requirement-79,P58,P59,Lorem ipsum dolor sit ame,Lorem ipsum dolor sit ame,Lorem ipsum dolor sit ame,+34123456,+31:14,Lorem ipsum dolor sit ame,Lorem ipsum dolor sit ame,<marquee>Hacked</marquee>,"Lorem ipsum dolor sit amet, consectetur adipiscing elit. Sed do: eiusmod tempor incididunt ut labore et dolore magna aliqua! Ut*",http://lorem.com/ipsum
visa-requirement-80,P59,P60,Lorem ipsum dolor sit ame,Lorem ipsum dolor sit ame,Lorem ipsum dolor sit ame,+34123456,+31:14,Lorem ipsum dolor sit ame,Lorem ipsum dolor sit ame,<script>alert(‘Hacked!’);</script>,"Lorem ipsum dolor sit amet, consectetur adipiscing elit. Sed do: eiusmod tempor incididunt ut labore et dolore magna aliqua! Ut*",http://lorem.com/ipsum
visa-requirement-81,P60,P61,Lorem ipsum dolor sit ame,Lorem ipsum dolor sit ame,Lorem ipsum dolor sit ame,+34123456,+31:14,Lorem ipsum dolor sit ame,Lorem ipsum dolor sit ame,' or 'A' = 'A,"Lorem ipsum dolor sit amet, consectetur adipiscing elit. Sed do: eiusmod tempor incididunt ut labore et dolore magna aliqua! Ut*",http://lorem.com/ipsum
#passportValidity - no singular values
#additionalInfo - standart variations,""
visa-requirement-82,P61,P62,Lorem ipsum dolor sit ame,Lorem ipsum dolor sit ame,Lorem ipsum dolor sit ame,+34123456,+31:14,Lorem ipsum dolor sit ame,Lorem ipsum dolor sit ame,Lorem ipsum dolor sit ame,L,http://lorem.com/ipsum
visa-requirement-83,P62,P63,Lorem ipsum dolor sit ame,Lorem ipsum dolor sit ame,Lorem ipsum dolor sit ame,+34123456,+31:14,Lorem ipsum dolor sit ame,Lorem ipsum dolor sit ame,Lorem ipsum dolor sit ame,Lo,http://lorem.com/ipsum
visa-requirement-84,P63,P64,Lorem ipsum dolor sit ame,Lorem ipsum dolor sit ame,Lorem ipsum dolor sit ame,+34123456,+31:14,Lorem ipsum dolor sit ame,Lorem ipsum dolor sit ame,Lorem ipsum dolor sit ame,"Lorem ipsum dolor sit amet, consectetur adipiscing elit. Sed do: eiusmod tempor incididunt ut labore et dolore magna aliqua! Ut enim ad minim veniam? Quis nostrud exercitation ullamco laboris nisi ut aliquip ex ea commodo consequat. Duis aute irure dolor",http://lorem.com/ipsum
visa-requirement-85,P64,P65,Lorem ipsum dolor sit ame,Lorem ipsum dolor sit ame,Lorem ipsum dolor sit ame,+34123456,+31:14,Lorem ipsum dolor sit ame,Lorem ipsum dolor sit ame,Lorem ipsum dolor sit ame,"Lorem ipsum dolor sit amet, consectetur adipiscing elit. Sed do: eiusmod tempor incididunt ut labore et dolore magna aliqua! Ut enim ad minim veniam? Quis nostrud exercitation ullamco laboris nisi ut aliquip ex ea commodo consequat. Duis aute irure dolor*",http://lorem.com/ipsum
visa-requirement-86,P65,P66,Lorem ipsum dolor sit ame,Lorem ipsum dolor sit ame,Lorem ipsum dolor sit ame,+34123456,+31:14,Lorem ipsum dolor sit ame,Lorem ipsum dolor sit ame,Lorem ipsum dolor sit ame,โลเร็ม อิปซัม,http://lorem.com/ipsum
visa-requirement-87,P66,P67,Lorem ipsum dolor sit ame,Lorem ipsum dolor sit ame,Lorem ipsum dolor sit ame,+34123456,+31:14,Lorem ipsum dolor sit ame,Lorem ipsum dolor sit ame,Lorem ipsum dolor sit ame,لوريم إيبسوم,http://lorem.com/ipsum
visa-requirement-88,P67,P68,Lorem ipsum dolor sit ame,Lorem ipsum dolor sit ame,Lorem ipsum dolor sit ame,+34123456,+31:14,Lorem ipsum dolor sit ame,Lorem ipsum dolor sit ame,Lorem ipsum dolor sit ame,洛伦·伊普森,http://lorem.com/ipsum
visa-requirement-89,P68,P69,Lorem ipsum dolor sit ame,Lorem ipsum dolor sit ame,Lorem ipsum dolor sit ame,+34123456,+31:14,Lorem ipsum dolor sit ame,Lorem ipsum dolor sit ame,Lorem ipsum dolor sit ame,<marquee>Hacked</marquee>,http://lorem.com/ipsum
visa-requirement-90,P69,P70,Lorem ipsum dolor sit ame,Lorem ipsum dolor sit ame,Lorem ipsum dolor sit ame,+34123456,+31:14,Lorem ipsum dolor sit ame,Lorem ipsum dolor sit ame,Lorem ipsum dolor sit ame,<script>alert(‘Hacked!’);</script>,http://lorem.com/ipsum
visa-requirement-91,P70,P71,Lorem ipsum dolor sit ame,Lorem ipsum dolor sit ame,Lorem ipsum dolor sit ame,+34123456,+31:14,Lorem ipsum dolor sit ame,Lorem ipsum dolor sit ame,Lorem ipsum dolor sit ame,' or 'A' = 'A,http://lorem.com/ipsum
#additionalInfo - no singular values
#officialLink - standart variations
visa-requirement-92,P71,P72,Lorem ipsum dolor sit ame,Lorem ipsum dolor sit ame,Lorem ipsum dolor sit ame,+34123456,+31:14,Lorem ipsum dolor sit ame,Lorem ipsum dolor sit ame,Lorem ipsum dolor sit ame,"Lorem ipsum dolor sit amet, consectetur adipiscing elit. Sed do: eiusmod tempor incididunt ut labore et dolore magna aliqua! Ut*",ftp://a
visa-requirement-93,P72,P73,Lorem ipsum dolor sit ame,Lorem ipsum dolor sit ame,Lorem ipsum dolor sit ame,+34123456,+31:14,Lorem ipsum dolor sit ame,Lorem ipsum dolor sit ame,Lorem ipsum dolor sit ame,"Lorem ipsum dolor sit amet, consectetur adipiscing elit. Sed do: eiusmod tempor incididunt ut labore et dolore magna aliqua! Ut*",ftp://a.b
visa-requirement-94,P73,P74,Lorem ipsum dolor sit ame,Lorem ipsum dolor sit ame,Lorem ipsum dolor sit ame,+34123456,+31:14,Lorem ipsum dolor sit ame,Lorem ipsum dolor sit ame,Lorem ipsum dolor sit ame,"Lorem ipsum dolor sit amet, consectetur adipiscing elit. Sed do: eiusmod tempor incididunt ut labore et dolore magna aliqua! Ut*","http://www.lorem-ipsum.org/dolor/sit/amet,/consectetur/adipiscing/elit,/sed/do/eiusmod/tempor/incididunt/ut/labore/et/dolore/magna/aliqua/Ut/enim/ad/minim/veniam/quis/nostrud/exercitation/ullamco/laboris/nisi/ut/aliquip/ex/ea/commodo/consequat/duis/aute/"
visa-requirement-95,P74,P75,Lorem ipsum dolor sit ame,Lorem ipsum dolor sit ame,Lorem ipsum dolor sit ame,+34123456,+31:14,Lorem ipsum dolor sit ame,Lorem ipsum dolor sit ame,Lorem ipsum dolor sit ame,"Lorem ipsum dolor sit amet, consectetur adipiscing elit. Sed do: eiusmod tempor incididunt ut labore et dolore magna aliqua! Ut*","http://www.lorem-ipsum.org/dolor/sit/amet,/consectetur/adipiscing/elit,/sed/do/eiusmod/tempor/incididunt/ut/labore/et/dolore/magna/aliqua/Ut/enim/ad/minim/veniam/quis/nostrud/exercitation/ullamco/laboris/nisi/ut/aliquip/ex/ea/commodo/consequat/duis/aute/X"
visa-requirement-96,P75,P76,Lorem ipsum dolor sit ame,Lorem ipsum dolor sit ame,Lorem ipsum dolor sit ame,+34123456,+31:14,Lorem ipsum dolor sit ame,Lorem ipsum dolor sit ame,Lorem ipsum dolor sit ame,"Lorem ipsum dolor sit amet, consectetur adipiscing elit. Sed do: eiusmod tempor incididunt ut labore et dolore magna aliqua! Ut*",https://www.lorem-ipsum.org
#officialLink - no singular values
#phoneCode - standart variations
visa-requirement-97,P76,P77,Lorem ipsum dolor sit ame,Lorem ipsum dolor sit ame,Lorem ipsum dolor sit ame,+123456,+31:14,Lorem ipsum dolor sit ame,Lorem ipsum dolor sit ame,Lorem ipsum dolor sit ame,"Lorem ipsum dolor sit amet, consectetur adipiscing elit. Sed do: eiusmod tempor incididunt ut labore et dolore magna aliqua! Ut*",http://lorem.com/ipsum
visa-requirement-98,P77,P78,Lorem ipsum dolor sit ame,Lorem ipsum dolor sit ame,Lorem ipsum dolor sit ame,9876543210,+31:14,Lorem ipsum dolor sit ame,Lorem ipsum dolor sit ame,Lorem ipsum dolor sit ame,"Lorem ipsum dolor sit amet, consectetur adipiscing elit. Sed do: eiusmod tempor incididunt ut labore et dolore magna aliqua! Ut*",http://lorem.com/ipsum
visa-requirement-99,P78,P79,Lorem ipsum dolor sit ame,Lorem ipsum dolor sit ame,Lorem ipsum dolor sit ame,+999999999999999,+31:14,Lorem ipsum dolor sit ame,Lorem ipsum dolor sit ame,Lorem ipsum dolor sit ame,"Lorem ipsum dolor sit amet, consectetur adipiscing elit. Sed do: eiusmod tempor incididunt ut labore et dolore magna aliqua! Ut*",http://lorem.com/ipsum
visa-requirement-100,P79,P80,Lorem ipsum dolor sit ame,Lorem ipsum dolor sit ame,Lorem ipsum dolor sit ame,675754892,+31:14,Lorem ipsum dolor sit ame,Lorem ipsum dolor sit ame,Lorem ipsum dolor sit ame,"Lorem ipsum dolor sit amet, consectetur adipiscing elit. Sed do: eiusmod tempor incididunt ut labore et dolore magna aliqua! Ut*",http://lorem.com/ipsum
visa-requirement-101,P80,P81,Lorem ipsum dolor sit ame,Lorem ipsum dolor sit ame,Lorem ipsum dolor sit ame,+76543210987,+31:14,Lorem ipsum dolor sit ame,Lorem ipsum dolor sit ame,Lorem ipsum dolor sit ame,"Lorem ipsum dolor sit amet, consectetur adipiscing elit. Sed do: eiusmod tempor incididunt ut labore et dolore magna aliqua! Ut*",http://lorem.com/ipsum
#phoneCode - no singular values
#timeZone - standart variations
visa-requirement-102,P81,P82,Lorem ipsum dolor sit ame,Lorem ipsum dolor sit ame,Lorem ipsum dolor sit ame,+34123456,+00:00,Lorem ipsum dolor sit ame,Lorem ipsum dolor sit ame,Lorem ipsum dolor sit ame,"Lorem ipsum dolor sit amet, consectetur adipiscing elit. Sed do: eiusmod tempor incididunt ut labore et dolore magna aliqua! Ut*",http://lorem.com/ipsum
visa-requirement-103,P82,P83,Lorem ipsum dolor sit ame,Lorem ipsum dolor sit ame,Lorem ipsum dolor sit ame,+34123456,-05:30,Lorem ipsum dolor sit ame,Lorem ipsum dolor sit ame,Lorem ipsum dolor sit ame,"Lorem ipsum dolor sit amet, consectetur adipiscing elit. Sed do: eiusmod tempor incididunt ut labore et dolore magna aliqua! Ut*",http://lorem.com/ipsum
visa-requirement-104,P83,P84,Lorem ipsum dolor sit ame,Lorem ipsum dolor sit ame,Lorem ipsum dolor sit ame,+34123456,+12:45,Lorem ipsum dolor sit ame,Lorem ipsum dolor sit ame,Lorem ipsum dolor sit ame,"Lorem ipsum dolor sit amet, consectetur adipiscing elit. Sed do: eiusmod tempor incididunt ut labore et dolore magna aliqua! Ut*",http://lorem.com/ipsum
visa-requirement-105,P84,P85,Lorem ipsum dolor sit ame,Lorem ipsum dolor sit ame,Lorem ipsum dolor sit ame,+34123456,-10:00,Lorem ipsum dolor sit ame,Lorem ipsum dolor sit ame,Lorem ipsum dolor sit ame,"Lorem ipsum dolor sit amet, consectetur adipiscing elit. Sed do: eiusmod tempor incididunt ut labore et dolore magna aliqua! Ut*",http://lorem.com/ipsum
visa-requirement-106,P85,P86,Lorem ipsum dolor sit ame,Lorem ipsum dolor sit ame,Lorem ipsum dolor sit ame,+34123456,+03:15,Lorem ipsum dolor sit ame,Lorem ipsum dolor sit ame,Lorem ipsum dolor sit ame,"Lorem ipsum dolor sit amet, consectetur adipiscing elit. Sed do: eiusmod tempor incididunt ut labore et dolore magna aliqua! Ut*",http://lorem.com/ipsum
#timeZone - no singular values